,County,Year,1.0,2.0,3.0,4.0,5.0,6.0,7.0,8.0,9.0,10.0,11.0,12.0,COUNTY POP
0,37,2014,522.0077308943871,459.7782918782165,462.2833809003838,434.87385404028424,447.3363659302547,516.5283497060748,666.8830019567241,601.006097689064,522.200285949589,586.9782406307652,467.408361569515,491.04634081133844,6643854
1,111,2014,446.5042914914987,382.445376416869,384.93745931463275,403.47226817642303,484.3613875902619,601.9413829130506,745.864460921566,705.3073297204661,596.3377526816073,571.7895756972918,486.9928664916365,535.6662223204055,822872
2,59,2014,581.6813344891923,504.3015730373571,529.8606355600698,512.4504511998057,613.776380215218,533.974928812771,733.3093903051051,767.8422086231609,913.7174384591664,617.5510312972872,487.80399025241917,523.1920544208166,2777814
3,71,2014,61.58605727142773,54.246813768619475,54.29266511224128,51.041045816518825,53.87630012299846,53.11224158902676,69.4116928696613,71.40753305350606,79.52492813680934,704.1325432789557,501.37024111840867,523.6443196473625,2004701
4,65,2014,675.5174548708404,594.9581747406378,595.9603200658884,560.5051095655259,594.2284244905525,580.4051371531493,759.6739459723875,786.0386567759296,884.076052889464,860.8359229562818,585.6327522123179,591.750550065706,1933533
5,73,2014,513.4105525503196,445.15441446148395,454.51887383826255,425.73001424073567,460.1466770028049,434.8911892830488,575.5793574184964,603.5204954164473,699.5489033475924,495.1557186458537,439.2875947927965,518.4470028581216,3061958
6,25,2014,251.97462673475937,315.2871532698166,339.8895728055547,222.31772057032455,456.89733527928655,559.5114299261292,765.973557186249,643.13032367783,626.659267879961,564.1169605217102,361.33849551591084,353.7149185973638,260
7,27,2014,0.6704092670738689,0.5459491768387064,0.5556444160206667,0.6047168137869289,0.8351665161157853,1.172831841165617,1.5368716160108484,1.3918709890398486,1.1302829351486157,479.2441341262277,494.92820198591,619.8767323715277,15052
8,83,2014,458.39188000497035,406.5548842306271,416.1664939514654,394.1475138671978,401.73161335164684,385.9112162757652,420.30898627904344,417.04376532043847,399.77167682847585,442.25277754205257,438.97618265196274,506.4100823448111,420548
9,31,2014,744.528138673424,606.9512057729069,592.1220922086363,612.4707669415561,799.1359630173677,1065.500151376898,1367.8085937196968,1237.9541409327057,1009.4048911001139,704.4603209552223,628.7413193986584,747.9036099456,152968
10,107,2014,716.1333743868864,571.2432257386942,556.2259331544433,572.9774387992801,745.1630909771243,1019.7658007823989,1322.6280916030769,1186.69843747411,956.8036781984255,679.0880118753967,509.64151672477993,565.1983593237422,440133
11,29,2014,522.5978650356708,428.26010565577775,442.87758414930863,491.5512702295291,692.1217319323766,978.8300764885576,1285.066859593384,1166.8532994523787,949.5835401685329,601.6119337888093,452.24979446551674,537.0607888265678,838810
12,19,2014,588.9836188604253,487.27547874911596,484.46553847035403,501.80631989970374,662.531355608402,921.2844175955414,1220.1630873500135,1107.4711063456352,894.2208627061525,589.5926862533063,510.4144071817869,606.1825630525874,930265
13,53,2014,471.86274024345136,422.64297471708306,425.881947127747,403.21208887061994,401.32968107795324,390.26856485585853,406.6570163037247,405.515125799091,394.4711639725554,409.15713485624326,430.23050310565026,502.71386872995845,414542
14,69,2014,587.0061121993105,510.8632748985067,515.0639552521989,491.19138819691483,524.7095220977591,507.55259067501476,571.7832175370243,544.2678401671374,525.495055606868,542.9870442199887,536.7669271658733,636.1952187528776,55269
15,79,2014,505.64641545582776,441.7254267222385,443.058315853587,420.33886614792885,444.7379467419485,444.87644477013004,509.0204217682032,474.5513886538517,452.24194345189227,450.72329105860763,449.7767914601821,527.8557402061592,269621
16,51,2014,0.0,0.0,0.0,0.0,0.0,0.0,0.0,0.0,0.0,351.84989979002995,420.93095842190405,627.7306556831793,12782
17,39,2014,668.8077295452788,558.0347393871206,549.7667852304016,545.5523187977963,674.0067734565762,883.1445570583692,1180.1391573035585,1060.166554393752,871.5479079670552,621.6124937505425,575.2487756219361,685.8647622905098,150865
18,43,2014,665.0595619083036,581.9597940483872,570.1298052010471,527.2372237240027,540.9880034612316,624.820989776816,816.1418204327537,723.8801919964435,609.1709265681632,521.7315827571517,581.4556631745681,686.8099197501016,18251
19,47,2014,598.6081096215479,498.7520782512062,497.3958087687321,506.48765720998983,663.0373774150031,869.878173711659,1130.3313864083095,1009.2903701403438,830.0507119911607,594.1298334441635,521.2677706967492,617.4855237254927,233623
20,81,2014,529.6032607496219,464.47820047883727,458.6872362891196,427.9134863663916,426.20748192273254,414.76284449629753,435.18726968781374,431.57459618229285,423.1734074958457,440.6424438650073,466.5447420113193,547.5068607855044,718168
21,85,2014,560.9452259807896,478.9989192855678,474.86576542011795,448.5251979886721,478.7557027125051,496.67851932951186,580.0479107726259,537.0534041377257,503.62587539162973,489.32898134892616,489.1635606231767,571.3599272072324,1618731
22,75,2014,379.7208824105877,348.3571496197592,338.5514529650687,318.23081385888247,307.36099961997763,297.3946038789961,301.08505629118605,303.61228469387044,299.9218566408629,315.6256119893615,331.65270227537565,385.7551795629282,799169
23,55,2014,659.831089950032,575.716085299287,569.1756901944657,544.974591036262,595.7288590117896,630.8137690057723,691.6640600370365,641.1743590438103,620.1521993725809,605.8088679203784,598.4821620109689,699.6054988004337,136484
24,1,2014,473.5725633385668,415.43152763098266,410.2853463434193,385.68435636047485,394.2109926092427,395.85703453193304,435.84314216026894,418.53738646366355,407.4712333656731,408.4031072406453,417.75811461414366,489.46365178017436,1435704
25,13,2014,564.7470757700565,489.1780388361429,492.92168968895453,470.69542106633673,537.0236132694534,608.3502344921072,692.9242483157481,629.0156590331145,585.1333114141034,533.4732069780092,509.911521774865,604.4563462883505,1047834
26,95,2014,556.3012806818404,485.4976794306383,491.0476463490594,475.75726232510596,551.0564657184729,625.2212959650958,699.8902388203454,634.5527865668538,601.8660700436238,544.2283670794361,506.8696758976793,595.9354730679726,408700
27,97,2014,618.7878646576496,535.6509694812762,533.8893810495914,498.9165067939468,508.1817086088951,510.66711873523315,540.5598716205794,516.7275408168061,498.7660900345023,517.5846079737498,544.9433197575383,639.8302233943275,483203
28,67,2014,960.588965470004,790.6682306457848,750.4583900598692,725.8651757494359,858.6926248089156,1015.280906653491,1170.7442474512259,1049.5639495632759,913.0673503855164,774.3557591492068,784.5462371128534,931.379865325169,38995
29,41,2014,564.885170213434,495.8275709533472,487.4746270905456,447.4285200954133,445.23155248659197,436.8078918531686,459.4247432460779,453.2214135642748,449.2894500750288,471.283946331435,506.8847732367062,605.966865944125,252317
30,87,2014,554.6780618000433,494.71813968121216,492.4594116134839,455.0479829778866,439.65164559831555,425.164887853989,441.6176618649751,439.2983460772528,430.168095797959,455.2127778810839,500.9981593884156,578.1447890012787,262382
31,77,2014,634.0349936039693,534.1175348935951,536.4019615980067,533.0323947128691,664.8402298929839,821.3140340556253,1014.2852913222499,906.2458244576328,769.3640761626255,612.0286929171125,563.6887796610417,658.7984610259252,683691
32,9,2014,700.0519882669959,614.2171555093813,598.6252756376674,558.0471218307111,598.6103970785198,715.5376003704715,921.7097622074332,821.008839078494,687.2387824111553,580.5110378168558,626.3788273368239,750.685307097229,45414
33,3,2014,350.5158330016242,336.1795625313373,327.22295099610477,299.5578369970051,287.8132084106275,273.73516775894336,351.7986632793835,318.09938212512435,260.52403218986217,273.63088997607747,334.58424510757493,426.61931224375587,121
34,109,2014,696.0779484010419,614.8909616574922,594.2127150136866,542.4396363129144,543.2610076748132,615.0900305987296,809.8163498814802,723.6216830845157,619.885697344035,543.3173716046596,623.9044408229161,752.0891784473819,55111
35,99,2014,577.444609209827,479.6613363495243,472.54383251878534,468.9519014928336,587.0048761650539,742.5246957337702,935.1918278570561,825.3603557484612,687.1931862286715,530.5543513332207,497.7550179321315,598.9216088727377,112013
36,45,2014,782.2725702760756,680.3715392792078,690.9612976952391,633.5564095022723,625.6383806615136,639.8183467574482,733.065948027062,683.3011148138764,611.2677828728802,622.6228047440451,672.4138132365691,777.913097425169,87740
37,33,2014,873.0935884947212,754.911277526142,722.7683338420114,627.2849666266006,617.5075635735319,688.142233367898,858.333093373601,766.3416943975286,641.6566589454163,607.1282822642457,724.8168972932262,879.3870804432694,64659
38,23,2014,792.0012353115656,689.8817976858383,717.3181761778063,664.1345978079497,637.6877196649006,591.0016835816829,607.9369709485026,593.7321688260746,575.3852735274404,620.9809328305187,653.6697853741678,737.6709008583791,133795
39,105,2014,688.8121073160094,592.2802176882592,642.0801288749565,620.0192802923114,616.9880665128304,551.1954091908765,659.0002281195258,618.1391632305808,520.9338218244053,635.409072679444,617.1345567089681,635.5254688276234,2238
40,5,2014,676.480867333864,598.7279325294236,594.0137087666518,557.2105174047807,599.2595788156726,721.0079439741262,933.2899670461875,814.3206343393819,690.8600530732265,585.0477403433266,615.2108473946521,742.493527878034,37876
41,57,2014,760.5767104562696,694.8877010945365,699.0444539537089,634.074539391468,633.432607155053,716.4349749788531,953.1136542425005,804.6816518347632,688.3071172916461,635.1498796466077,710.4161796149713,844.0133651997038,81978
42,61,2014,793.6909756088071,680.6287449745822,668.9794508263569,624.7706082369228,744.6919031385914,960.4992204686122,1234.298055719737,1071.269683062638,898.8211448658918,704.2773932923266,702.7401338523764,853.4353648359438,293671
43,113,2014,537.0231110733348,458.0776175527415,453.1033176677462,442.5085590559883,555.1725215041381,693.8399392984404,832.5363663378411,723.6786257621048,631.5340562061708,508.9966732577179,478.9977362538103,557.2358954055101,200849
44,17,2014,821.4279316211876,716.8150351890819,697.9808672504636,646.4347150029556,697.6256572069123,838.3506200703856,1098.9778642956824,962.6636186189617,813.2374565861603,692.490167503426,749.3937640588332,913.8707769954606,150331
45,101,2014,586.6160515095868,499.6124653121829,506.4502035715382,510.90620770439256,686.4979861805522,927.6266761575107,1135.898238573055,967.8185476040063,785.6198389864568,574.1029771621331,524.7331673039919,614.3980678164213,94737
46,11,2014,635.4705296319527,545.0074899799657,543.6407323122197,533.2852417952422,710.576449143495,949.4760192831245,1129.7957912926638,975.602920074272,802.4765765434379,594.2347929643637,566.8975658121627,680.7995688617982,21419
47,115,2014,619.6083026205162,537.1340157052248,544.4634919193799,536.4162387923838,674.1433328598656,863.9610420257969,1050.3192156402636,916.4461448285241,766.6963032086873,597.4370568866433,559.3436327343168,653.0243586056382,70418
48,7,2014,616.1724498448333,546.0269006976265,546.9963398366892,518.7473699690527,612.2423149520877,791.096375561738,988.4594131485588,850.3988756446311,704.9726144891445,554.2736026003099,564.6188010759691,667.2798150854686,219996
49,91,2014,454.99533207631873,389.61407322076474,400.61968487816347,372.6744594753366,350.3192475679124,344.14680094294897,409.7912111077925,377.8524734325922,337.65057074180373,365.4731020237036,411.14828963436526,459.55939687389235,904
50,21,2014,722.2873357218539,620.7320293552535,616.1028873053082,578.5671046328949,720.8088306495246,986.2950690325799,1176.710205754815,1012.7609948490551,825.478653785346,621.852276992273,627.1089232117683,761.1034180800448,28122
51,63,2014,664.9227737019623,540.3717169000672,541.9747003656988,471.95604909154434,455.44537922084544,436.9886938391362,532.5013058432781,473.3542375858679,432.30634604595633,483.37708906305767,558.8074100686987,639.3212555865539,13017
52,103,2014,716.2341190954102,623.6739970100514,622.6694631700158,575.6459651814071,689.6658924598852,922.5476399629257,1134.4527763185556,987.5026496019639,792.7498042334034,616.0639633903107,647.5183540233191,768.4049295366573,63036
53,89,2014,835.9147654346149,750.9725371867623,751.0356213201612,671.5211211651626,732.4559523290679,930.1477303255054,1180.85925560458,1023.9986039679377,822.8412582111199,696.4272956730271,765.8534792777589,914.4954948008186,176603
54,35,2014,538.6567965889326,449.19264236523674,457.61605089708354,421.6297654598293,434.82737838380206,452.980279106586,589.898259233358,507.16520552259834,426.5730761130007,439.36240682822756,473.66293184244967,524.5793517228323,2951
55,49,2014,867.9460471194878,709.4924071655125,703.7665944384381,631.9720729263486,622.2991143030354,658.1075813410914,793.3914780836911,705.6652265878377,622.9161947739341,634.5202715684626,704.3498618396175,803.8707495050605,111
56,37,2015,548.7689501032073,451.7691919417204,438.1777646695978,433.6247204236201,433.5916533756494,476.2665536468081,598.420838508178,636.8617811451787,714.8679874827166,653.9481462561437,509.70312210651855,500.3951658584007,6643854
57,111,2015,569.4736555840017,479.06235344238183,473.73979097112056,463.97922688117615,453.4972288230435,475.02181138838483,561.5827163973479,588.8718131577041,674.0408457426456,635.017557121303,529.0010990280153,532.3695878375174,822872
58,59,2015,539.1445158969424,455.09110555854085,468.3846291329211,457.1701551404751,453.60581082706153,480.2283202266369,579.7088016203469,661.069189103848,751.3343832909915,683.9952873366408,524.5313122836567,523.104562562128,2777814
59,71,2015,567.960249759738,466.64371238505476,458.0668577193033,463.6074106297378,468.8130276688731,584.1023829839618,808.5737169782258,846.6450614267239,912.1605444384461,749.3929121055178,540.2814439307496,538.8393440309598,2004701
60,65,2015,650.6041960118781,529.8974091779528,534.584584624771,551.3087047554978,552.496146533954,685.6554208781575,959.039591354493,1010.771403300052,1107.0352436288285,912.8457735812793,625.1608500033301,600.8417537847616,1933533
61,73,2015,497.26046457776994,391.8489421696189,454.12235508079664,393.706611211233,442.31142749631454,501.76655023608015,519.2688558616671,623.1121419360919,627.4468260004511,519.8996337387354,422.82426660662026,521.4111342957732,3061958
62,25,2015,429.5514073790488,302.00104025294934,304.2555939323551,331.66521743324876,383.257909216272,509.7844081985989,810.3046430117644,763.4620993797138,829.5802480998523,625.1436556095624,364.6481244418297,383.72033591788977,260
63,27,2015,687.6568499468286,539.3793804911169,498.39972695521527,462.2103614572745,454.8891839621101,498.82409844178414,583.1107573996542,558.831498032274,550.5861016521519,483.6508723588828,532.373417262314,663.4491994050245,15052
64,83,2015,504.44392433207275,430.120533162051,436.6683678575408,411.07811348775505,409.0408023915321,397.51647011451644,423.0782474833901,432.55401443423887,455.5153102781813,457.2529762735471,456.9439970809558,530.0916408022906,420548
65,31,2015,754.4611458188634,559.664342427417,577.4603304251506,557.0481051586736,668.4335913027883,1106.3889187395778,1228.635905376386,1189.2336843129071,929.0919470644242,707.4613384059501,649.9525616272515,814.03247989975,152968
66,107,2015,754.7039865123832,582.0192812226202,568.7328258262949,471.3786859146398,528.5737894248302,787.450955052855,1053.4572387535636,998.9620652540799,896.1390734510084,697.0757041962784,547.1688134695332,622.2822602945366,440133
67,29,2015,535.0875529361653,409.2535136802713,444.4266439080406,442.1606914395618,538.3218655099477,917.4423097957039,1069.0831331212746,1049.4682893264373,853.5688307134104,614.6501021866944,459.95870561782175,562.489888202744,838810
68,19,2015,601.2821194380919,455.27175072828396,477.568405787975,465.87206092777035,552.7790331743751,993.1575719213578,1089.533764076115,1060.0768336419949,801.0687548574529,594.557038016675,523.1618828890589,648.3747145906731,930265
69,53,2015,466.71088082565706,387.82628103761596,405.89463248060395,387.14697387119907,396.41377872962147,372.11431164024026,387.8057605170122,391.59707275200464,379.1666252673258,390.8057775047465,450.9122506237962,537.1127221900877,414542
70,69,2015,595.1823613984594,485.52878983438535,500.86460947959495,470.9117817322306,479.7077625512444,499.93587428159725,541.2404691567373,570.5900940126331,561.0222629400116,518.6870898396803,564.1831317891047,684.3674880733034,55269
71,79,2015,501.6988461567538,413.08553177851724,425.89364508380476,395.99460560737856,402.0935196385448,438.96113351597467,454.52365785164284,477.7849473034005,464.58952206473055,438.85547776480763,464.04906102150403,563.939531630695,269621
72,51,2015,869.1606601119546,626.1999055510875,604.4783434577024,491.08483413369026,416.65640419850075,380.2479599946611,384.41299790252543,374.63776681512206,353.421422964717,352.9777887487448,526.0491486191663,781.6717218961679,12782
73,39,2015,685.0870616969034,517.3970933455716,534.0409254741949,510.8960524917239,571.4606134906121,943.6343534776004,1045.969518866796,1019.7473522079384,789.0580566142495,615.8875831626942,596.192959673839,744.5122803871735,150865
74,43,2015,665.3028285995454,524.9719137891667,531.4674132220729,508.510598159163,523.2583485667279,665.0665871105289,734.8420486946704,719.1353104917514,589.2816702093241,522.7690955898724,656.3346690860295,798.691911330166,18251
75,47,2015,626.7502118254587,476.0501707340504,493.27532680852045,479.17049398248355,542.4651125663152,949.5840887211361,1031.6388659558045,978.5872848076474,774.7520955577194,599.5799565590718,546.6106687720298,668.4702073999265,233623
76,81,2015,530.8944496883348,425.5242045966204,440.4027761779634,414.90046975863066,426.9448777072804,407.0144471138316,425.2489607091916,432.9697941112552,422.2558586675906,427.61660649459475,492.93765549963473,583.5219265242821,718168
77,85,2015,558.8914282471027,443.3706636300173,457.31370523055523,424.33288170952466,432.7795967795028,497.03885936681274,547.8939517737228,557.8713186954167,520.6278613412729,472.75155442711053,520.866938285877,614.249435005497,1618731
78,75,2015,383.7451647366711,308.8345137597673,322.0709205638371,309.4019626245993,322.5900552736969,290.9146244152994,292.8025240696131,295.6378280753698,292.16714101444626,307.8385657084346,353.1737794407076,421.3906486805239,799169
79,55,2015,659.6930521849988,530.7702150655007,561.0582730220652,532.474756285841,535.3282056816143,614.9299137724064,693.8438614484243,707.4898795356446,666.9182510134347,599.2344052836412,637.8981143627284,755.6594576775282,136484
80,1,2015,477.0638568276553,384.4321962287635,399.2286919874621,369.581800601587,380.7121381733621,393.9646618948737,419.9690982629973,426.084737828136,415.1681624746264,398.97461698516884,446.1954554445407,531.8390035364428,1435704
81,13,2015,573.4308512117277,457.58603642454887,470.3599349811873,442.864184588142,453.6501800527581,602.0583492546392,653.1248097059259,644.3696230812396,606.129961661466,519.1518424274838,528.3003955953558,631.8040495665892,1047834
82,95,2015,566.3028522708312,450.8946263475895,469.55565824134044,447.54035047676393,452.86678867865913,613.281227857051,677.202788529469,670.8668431448712,624.1998740394414,533.640732969474,518.3913605637985,616.8609882762242,408700
83,97,2015,615.0370239197931,498.75996595761006,512.2782935672152,481.05420391403277,482.2175256825114,494.8584991917421,535.0223744276003,544.4399194799764,526.561201722899,510.1548460940364,576.5626961941339,686.0534399790255,483203
84,67,2015,975.5290520873199,748.8009219699021,711.8414566196692,669.4875448835598,707.1695757588212,1022.0854280020333,1100.181221497356,1057.5081520197155,906.2897330160805,768.9102017283669,845.212972475415,1046.9880067488061,38995
85,41,2015,589.1921059084727,466.3368507632959,473.43621893569986,438.1666633701401,443.6372159495658,435.307426240307,459.7559874682679,470.45498100556875,466.5485503918993,466.6530488792729,537.813278751781,646.4190394373784,252317
86,87,2015,546.4357163889844,453.1930656782408,461.28036997502744,438.21914819594593,443.4137101284588,410.9142579554663,427.3066082849321,431.0495455317266,422.40193976240886,439.6917244473681,526.3413768196102,619.9353245564034,262382
87,77,2015,664.0317803462713,516.9963254186985,532.6657953192117,510.58013692703156,544.1701726219278,866.0403645055972,950.7231587488761,901.224010751866,768.142802295839,620.7474067304615,596.4918901883159,710.5448370457802,683691
88,9,2015,717.7570847259408,572.2887644588249,564.7769607554919,538.342085272597,550.5315351540532,756.1580850485504,839.300594350866,784.2375057598755,638.9736423120879,569.8967767167887,681.0418210425136,847.5046837327912,45414
89,3,2015,368.83892584089716,300.744763777006,292.9858877315156,284.3624525936297,288.59708908756414,275.0201312578656,333.8167772717464,306.96474650663833,260.39927911433045,269.18698428504774,371.0286796557761,473.1842441765142,121
90,109,2015,704.8321884300294,555.1713761435548,554.5349667559193,534.0673081381834,534.4001322938866,668.9837948029488,741.2459085440477,708.4615020763645,587.5196825841336,525.7421244153732,688.5087607019385,839.5320932457756,55111
91,99,2015,773.1342962215864,595.4314161495904,602.9931976438467,564.3517611939677,613.6360493978797,1005.4486271379944,1101.8824727392887,1030.400773144524,853.8759793281871,687.1436430649263,683.2419940451506,842.2400813947853,112013
92,45,2015,775.8849666785428,635.8945855413799,676.278207426615,648.07897239086,631.981483164925,692.2450506321353,722.633890006181,677.674163618832,612.1239484556044,623.8828242457265,747.1562590441646,866.5779212971719,87740
93,33,2015,857.9598522909339,674.1780334672253,654.1528826466117,618.4702484631515,581.6240012829019,735.8881936107888,795.216043881852,728.0294613302483,583.5661684038661,583.5640091589981,809.033030665046,992.8699363279597,64659
94,23,2015,746.1210850501808,646.9371482081322,705.591134931172,674.8544470430849,668.9727466635821,613.280461768612,618.9501667452602,613.0376119584072,601.1683775298868,655.519905636039,729.6643077964061,820.8129433126729,133795
95,105,2015,700.0191755995039,590.9122124139134,662.8736079932298,635.8811035236533,651.0003563148407,647.920791592815,647.1811054103272,625.9926964172822,583.4988285882283,556.7017758510708,745.0578653957672,739.2232786990788,2238
96,5,2015,692.2934617275228,552.8440766282439,557.7894467670769,539.0384030630174,542.6107619888134,761.0211547993091,835.623472369183,778.7673447070515,642.2694590060264,562.9626751399054,658.6133734079813,799.4368893554675,37876
97,57,2015,766.4146762896278,627.4143168513297,644.5820803965091,617.1192515160437,602.9046403370494,788.2971598063334,872.9435174175527,794.8685667161125,657.5298381952125,613.5012527958655,760.2364187488632,903.0897034204015,81978
98,61,2015,798.7157884455952,623.7164675979437,619.6061041414714,580.9348773270968,602.4369398326536,1010.8000121259245,1116.3386243838881,1026.4394902627148,820.6385840258764,679.6216149307055,731.210477398531,907.6239884058907,293671
99,113,2015,548.8660812355047,427.761127861411,429.3432957251981,413.30785877653784,435.6635826801411,712.458081985349,787.1946537239927,733.0435099158684,603.5747269827806,500.269433235371,492.5912425408612,579.1637965183752,200849
100,17,2015,840.3161388131123,660.5832790733928,651.099773731188,615.2293314481335,616.4585450431975,892.1760819514022,984.4042595757819,915.15144896472,773.7893819349816,673.2306976589277,795.0582719540494,973.5639006659175,150331
101,101,2015,586.6645135536772,462.5683417133514,476.7760209140162,470.6396835054096,527.2284994344502,982.190016907378,1045.841204697188,934.0930449736233,701.6045642664027,570.4193615540379,529.371220497307,636.7690703652057,94737
102,11,2015,643.3822501116306,501.32153610791545,508.5981263916215,503.7965815459479,562.8038163963369,1005.5181778891313,1054.6167894015657,940.9555144280002,728.9751400597021,591.7717513032364,586.214131870582,719.4701198941945,21419
103,115,2015,627.9887011572016,501.2035928964286,516.9454118663114,505.6764633509793,547.6070099702398,912.2111111535658,977.4531103317297,886.3413762330192,696.7652513162398,591.1829988818845,571.946214489566,683.8230046909521,70418
104,7,2015,618.1874060966537,495.5585264509818,499.9113706666827,483.8553469315376,520.6310914786773,854.7165514845688,917.9312930853067,813.0515853151104,637.058071525478,538.6451864866012,579.6305903529397,696.5370865951862,219996
105,91,2015,486.1351580396479,396.2591534840708,423.3962188196419,427.75049338575707,423.4066952843912,417.88722563238537,473.82109888827546,447.62335072149693,401.39094167697175,417.5760555094284,541.8409533223631,589.5903841552017,904
106,21,2015,714.4919101677608,563.660819876635,559.3904406257543,541.4114951504499,595.3063631780554,1047.2877428893694,1111.7558323123787,985.130587124196,763.5831194591585,621.7595289582773,649.1522621672533,823.1949195322766,28122
107,63,2015,637.3017109639987,471.00303448940826,500.7668543997507,468.1298359241408,457.59837450988465,443.4962299957869,496.55998029823087,468.40147157196975,429.6541915935928,462.6524359493513,602.4029837670163,677.7920574221765,13017
108,103,2015,718.2654010951663,564.6157489971207,573.6907944003343,560.6341059114768,619.2918117773277,1013.9960700842983,1081.161604876096,947.9833545289895,730.7659285198762,613.8770602501629,672.5463639369757,822.0047829469015,63036
109,89,2015,893.6842894103169,717.7899968945184,725.7100735533455,692.4778500263565,728.5601715722132,1129.9972305608496,1220.5668957206062,1065.3957812099445,828.5822933969785,717.8825068966875,859.7064175218471,1061.1835738253706,176603
110,35,2015,503.7152046214409,390.84713211802085,417.10985573639886,409.3990242130928,427.6880046998832,454.0150445558032,546.1995947004397,480.7627362003737,424.7613179650469,414.92653825537434,501.2087425563645,583.5351292096523,2951
111,49,2015,768.1263657547116,629.345772783895,640.8170868915427,608.8708043143298,607.8970054775886,670.4274757477477,718.010186097618,685.757327507876,602.7410546620241,611.6995790526723,742.7017023710827,883.9492866407691,111
112,37,2016,584.8994872631006,480.1011108925402,436.2231807860376,429.90057724012695,409.89566555513323,490.8436463827687,648.5571050063561,706.566941196704,611.0073532170845,545.6535964703106,467.379420952784,501.96134903422126,6643854
113,111,2016,586.383960197769,490.01434992756197,462.0290454727685,452.71423410500125,427.9625486629004,481.72157919441753,588.2222014087903,621.0943454253323,556.484069667504,544.2782941219109,488.4336245851718,527.4306151583836,822872
114,59,2016,555.850665073241,464.7033260129147,440.39652161754117,434.3042263507855,420.65953657108594,486.10279123979717,630.3494330097714,696.781733132877,592.2392057728874,555.1718905626697,481.73151272456306,511.6422692456307,2777814
115,71,2016,595.559221757226,488.0961561919853,450.0962105620389,451.2557483460588,439.02707367063954,610.8306764670926,892.8117783583763,973.2660562145667,803.7088978224865,621.9962535148953,498.73890600357777,522.1837513245204,2004701
116,65,2016,662.5638925317861,547.6859144877022,522.0131954178545,525.8505151782439,515.9658501818489,715.9679737797986,1058.9267935761034,1173.0699097952136,975.0435826730848,736.0497965582143,589.2432584173251,593.2653688044484,1933533
117,73,2016,497.3423199335042,390.4286335886666,397.32274187477026,362.28656057354453,372.6791225583424,440.4578708877914,549.2904070114747,560.3071474696242,468.6548296790046,450.1783665522303,420.8951152382537,493.50071105606855,3061958
118,25,2016,423.6725227767699,355.7196564056083,312.8698194345505,329.36003653411495,359.9844425762598,625.3247469580588,860.2479022505415,882.0920005708759,863.6563869325195,460.88997539144594,377.4607884746997,376.26651235591663,260
119,27,2016,751.3593793692869,595.1031547252693,502.7614629336628,463.7518753885212,432.99858001996625,517.9110591374579,607.2605289285304,600.0828643286513,535.4235131897999,467.47780810780665,492.74780429750723,608.3167865931688,15052
120,83,2016,524.2975399013998,437.2921217775793,427.9175370417249,399.7385462038906,390.65708795184236,392.2056730891973,405.15259201064976,406.9213981267625,407.4070009827834,422.71902714896464,431.7055967974707,512.2162094811162,420548
121,31,2016,736.4668506927572,567.2863769607302,532.9571302091964,517.8428931891891,686.5164608742607,1047.7417421928733,1249.9012940575137,1181.1620088315715,859.3346875835277,604.1606485127983,589.2398048112077,774.7261493920951,152968
122,107,2016,635.3522866031233,507.0399386297862,460.8036559677443,453.0693010717001,523.6351620340994,816.7240658378555,1025.54315961091,1045.7112265057306,859.2765213031919,611.8470312394642,494.3045335371281,588.4748128766548,440133
123,29,2016,523.6262389061216,412.0010234094998,392.58237110671234,401.99151208714466,544.430288210037,897.9446158139458,1092.8750815542762,1047.1081223958495,761.1006943180787,486.3886363971047,426.94999529857887,533.9992842335237,838810
124,19,2016,583.1395921170084,453.8667604406184,440.8102855562055,424.847555381476,567.69229544339,915.0144560016807,1120.5608911634374,1047.395379478424,723.1239797866864,479.591024884653,475.8376731096267,620.8976710015196,930265
125,53,2016,484.1670526476797,392.1164333401889,401.33525692585545,368.8746673766028,374.8516970612323,354.5881008952781,369.93802523055723,376.7635024441541,364.307113420548,388.54986219307887,414.9964451383655,513.0750986081398,414542
126,69,2016,607.7565486253968,487.44437642650104,498.9711899538504,456.47038375216465,467.07023622390403,515.4819600171656,511.7392916043814,484.3605034469453,489.9630567315387,488.3905265337299,517.7660321444315,659.3893203286401,55269
127,79,2016,519.310024899244,412.35669303305986,415.58006358259155,377.02762242083963,384.697487059912,456.4997472767172,466.5298245717064,436.6797268632802,415.6079366978934,406.8960708455709,433.66854359185584,538.8786917873838,269621
128,51,2016,1030.9436148028574,795.2572406839735,657.0776394547042,578.7892627234296,432.94373366491516,389.38234085255544,398.77724277267606,383.7967147076926,363.69398887149055,383.76559467814104,461.76287409938624,683.4942921452692,12782
129,39,2016,672.0559940829654,522.8784341988537,509.9330591250686,468.6176166635799,578.1171674746647,869.992905057552,1063.0170550926034,995.9221621804132,716.6124494884498,520.7379033526362,536.3637074912348,711.6166776001219,150865
130,43,2016,727.397411110836,563.1743761780606,570.4732121319514,497.969572428478,523.8382652664063,649.8078902834482,769.3341819280099,728.240731345268,563.5899427477659,530.9914430261449,590.852438394836,764.6275083751422,18251
131,47,2016,601.5115544496576,474.601584052496,466.11698922848916,442.74092809848275,564.8074534706336,881.5183938100191,1042.0356410088211,954.553701966093,701.0906003354999,491.20027757126127,494.7039384680933,646.5161402132981,233623
132,81,2016,542.7246326525124,436.5136217809034,457.37571808212687,407.98614525287616,414.32707845767794,402.6395867610028,411.22553313249705,411.78783408568097,408.9381803929202,431.7836447008193,464.0538295199235,581.6951431491584,718168
133,85,2016,558.9933499059699,448.56504737455606,459.4496330787605,419.1172475824901,440.9877738854393,494.89243717521225,518.081332373246,483.9918243326511,468.3443690588502,445.32796223133863,475.4688135919821,599.6534260379975,1618731
134,75,2016,420.4172459843374,322.89427981871336,373.8318149277771,307.837096531952,305.45165863053955,294.47823370297954,416.5628180569452,504.8485251711227,295.3672189701899,317.3789254165271,333.6853330220633,420.59611511915136,799169
135,55,2016,694.7153749453547,558.3142453711123,583.4342663764096,520.168746501209,565.702606974533,635.8900141810759,660.9737529208709,605.2955009308189,603.9493368337934,576.6083343983872,604.2401568269853,754.2720123969965,136484
136,1,2016,491.28664351944695,393.95946127821003,410.7105534173261,368.1163075291718,380.8728774975396,394.9064754031392,412.94547757283976,396.1036098478901,390.82901855561175,393.32864315873206,418.9532180601821,527.113535109268,1435704
137,13,2016,583.496878279473,464.7877487378476,480.29365682088644,434.2283151635354,491.5657098835422,623.6439621486,666.4522512285452,582.7442838157394,545.0490642459449,476.7971785668274,502.6100157284288,632.9894878821873,1047834
138,95,2016,577.0050831759962,460.3485287242144,475.1967200315136,434.09907058172246,500.1798940366428,627.5974123121396,659.3847458339067,582.7871153986041,557.4325380367268,470.97089385071934,490.5971929971012,616.5984457039797,408700
139,97,2016,642.0641032306029,517.9103123577293,543.8059509182272,480.96795911875427,496.91069570628395,507.20335331381034,532.3070758836876,500.89827449374815,506.7563249847611,526.9942634578399,556.7571126428339,702.0054878454515,483203
140,67,2016,965.6948587802285,727.5567336360087,713.9330994147684,619.5661999542549,742.0576648818546,985.6751123943292,1089.761209820233,982.9930288097213,841.1669397489703,710.4838416878067,788.1243298738196,1080.0843499065973,38995
141,41,2016,601.4304188374263,471.0068859511446,493.36038119213924,423.18551472215245,432.60814758059604,424.503457891069,431.78656695105815,428.2728099777196,432.6444975767518,467.07322299696375,501.8164718997457,637.9257382375012,252317
142,87,2016,576.2454554747404,460.718300374806,481.3483127670113,426.026518530601,431.5115698577272,401.64771667597836,415.24608058038757,420.8353816566205,411.52105240049343,456.6481378424484,492.7563002691185,610.2649571183055,262382
143,77,2016,633.3814710512023,499.03005387882746,502.2109660603765,472.29638097862403,579.0666920455415,835.4389135018633,951.0244674774389,832.0689906791869,680.0269503140232,516.5414806811269,534.738348226095,683.7079663809232,683691
144,9,2016,775.5771333773099,602.204292609354,609.8739907858742,526.3802643369276,576.8996315194274,742.2638635984775,877.0986534161782,803.0570438446358,620.9707202400277,566.4882656216263,631.1820700297211,827.7219316491636,45414
145,3,2016,441.89572076935065,346.39758597509365,327.78001187353954,279.82655673266726,285.70084130947197,275.8503050386413,348.1075680683467,308.0867311873624,268.92605230177656,288.9125059824354,339.0578273647081,445.9504150809752,121
146,109,2016,764.8795134004074,589.3556975861443,599.1060487126563,512.9999495540438,531.5974354967507,645.8266892677747,760.8900321673723,718.5099001006118,552.1222256764612,527.6867013975411,603.4434617785873,780.9961708946515,55111
147,99,2016,587.4445250645165,452.52877332665315,446.755881114918,411.0660871868395,507.0511602687556,749.3885525102689,873.9809261993911,783.6892781190793,607.0754666159538,453.2792177923684,476.23856559730564,639.8993606511082,112013
148,45,2016,807.7551507295061,679.8007753187538,730.2599619909498,631.2577635512986,643.8356455465176,648.8465401089493,722.1791967885135,716.4846143625388,624.1348413931124,675.4584623460526,710.2097986365613,875.9345237548335,87740
149,33,2016,942.4424194864158,718.5112157641034,747.1041880368545,603.0350762905813,605.978160896913,681.4557536325887,814.7701490231506,776.3476159014357,619.4550719783621,631.6672955428835,749.4626519011586,1009.632124893712,64659
150,23,2016,801.1069274671944,712.7352539930217,760.0315714030729,681.2540893830043,679.9294902104526,612.9056146843398,625.770119100379,621.0020836689342,603.0879595165804,690.7872621941633,1678.0908937886811,4408.140001846737,133795
151,105,2016,689.9596461135883,633.0292156217781,693.5915825337744,631.7635287057518,674.5668574641938,614.1004603537871,675.1834046632616,654.3264803723492,540.8377297109096,735.2427723365613,686.0908851762697,758.5009487224994,2238
152,5,2016,726.5251564428405,565.7606743446408,580.8054685151185,503.88999079686135,549.9295828086673,722.9213232844804,847.6423881801401,777.6028451204864,3640.558103999267,542.2128801103626,597.0838740168042,772.8070321606364,37876
153,57,2016,838.622410480861,664.9490324922183,708.2355615097835,597.6868013820949,623.1388287170976,738.7758110627797,866.1057945270616,828.2445116579765,621.1723081243379,645.4385618583178,708.4278023339381,875.7816864315615,81978
154,61,2016,822.9655639740272,623.1487684785303,627.8981675660057,531.8327093848711,649.2716630624845,943.393984119534,1107.738229926103,1025.1114237111597,753.5344170711221,620.6488658709649,676.0287588553789,895.1222536816483,293671
155,113,2016,550.4946922991605,428.0979591814524,427.3602397673846,387.48348944396747,495.5163381519015,694.216426299572,763.6587462783093,671.7650026798811,553.4172899648083,430.09829078042975,456.53623672221346,582.807371782453,200849
156,17,2016,879.5904161759854,676.6233691605272,681.2475922035046,561.9146847754977,620.7483322209107,827.5314994478663,985.0551575019382,906.6695170617139,686.1608575129826,630.0513175014262,699.7718818805527,916.8180375067827,150331
157,101,2016,583.1533658829146,454.43168008713803,463.1951212064917,421.78535476443744,581.8392854247246,870.1782031352092,1003.7673020310372,912.2342477367324,658.7708085466386,466.4870650245578,489.04582690366345,627.5561709203183,94737
158,11,2016,661.7697261368593,498.13330730499587,503.94411685759843,447.58290578566977,603.1232780544801,885.5210450138991,1002.4868770874242,919.2334526709001,685.0579164695753,485.6767692661646,527.9734319109508,705.7790325171469,21419
159,115,2016,637.4619856260593,505.5144164289552,522.375142442525,467.71941374914593,599.8820725247298,835.2943890240091,950.8984219712463,877.6122447289871,660.0904041759219,509.6742846683232,535.4559548568184,684.1033840268356,70418
160,7,2016,643.7462609074028,502.2342532397638,519.8830154666832,448.1860417869875,542.8512593205994,749.0932592935271,881.6544314385357,830.2875639302596,608.1633676096438,477.9075871501092,539.0984771815549,693.8001774419228,219996
161,91,2016,481.32526921817487,397.10588893133985,404.89031326282776,353.04847832838067,371.4474439403563,353.6049913287684,400.17720406574654,386.71551032491595,336.70514012958853,405.4900301097806,430.32244849601017,506.9488101970128,904
162,21,2016,753.4142211195078,563.1376049163345,574.9733674124977,471.8054867947612,599.1917260878239,896.1317707566459,1045.642520268907,981.7861736680984,736.3006088195802,540.4166689075549,600.4589764273545,836.666315971192,28122
163,63,2016,653.1426015918013,532.6623683803375,536.2567380225141,450.1791230614034,453.58077836098715,435.9559464022122,495.00829076285464,479.42915414232573,425.77193984281615,502.8276853036002,546.4073448087212,680.0976760941342,13017
164,103,2016,768.8715357062675,589.4067920989771,607.2509381349785,511.01712699697515,614.4863175064427,861.620371816984,1030.008528576519,989.4730336737791,725.5431285928978,563.5346653427446,623.2620519309986,830.5617273287199,63036
165,89,2016,933.0734837731005,712.2395148494187,732.9269278659564,602.0777825394822,664.9189736490125,882.4372911245517,1073.2194855762077,1049.9691759791315,771.2291808453632,674.1667022774367,760.2244967175887,983.9271184830578,176603
166,35,2016,553.439866326191,439.3500209856668,442.164206443879,388.0566931866626,416.538967091196,431.7560008992176,541.1103826340478,492.07214566024635,419.0727259314703,444.183150976418,463.9355130867297,582.9767508640227,2951
167,49,2016,835.7275142143671,667.182308008622,679.3683755054592,579.3106395729061,575.7635426306305,605.480298723263,698.0072959369228,700.8262373072458,579.0187626415405,630.1348152697874,670.3091932981762,875.5531408811249,111
168,37,2017,543.6609854483283,493.682635797578,453.5860892133245,413.441762995728,432.5678085576617,493.29343094976866,689.127272031643,701.6526811017785,707.4466366839966,498.6769005043914,480.5956400287613,468.78064422721843,6643854
169,111,2017,560.3057329575763,509.44934808839406,479.0303174908703,440.40945247386145,448.2145814287518,485.34133980007067,621.1933666002479,628.1458838696967,663.8589213284395,501.0819349369729,508.5821185641228,496.60546677357223,822872
170,59,2017,525.8160405467178,471.93307179511993,456.1388102926119,420.46823436261803,435.912979613534,470.505533823379,627.8539064401822,659.9326883303505,663.343211085272,516.2494028554389,499.53199022272054,490.4567212421496,2777814
171,71,2017,570.0682623271709,503.7745847285545,468.02333793864665,442.8237560985433,475.11027201360105,610.2240299390596,962.6362397093701,940.5351851595735,922.8491644693883,561.1698491878655,513.7696740752466,497.047434070965,2004701
172,65,2017,635.8766623554236,573.0281544158441,542.120002382783,516.9364855590106,570.1206605424055,731.7589969577645,1148.6114134546808,1127.1250051883387,1117.9645882831899,672.3040715392635,613.3738364482531,565.9235058072572,1933533
173,73,2017,482.791335441051,385.8659740006835,400.14346295653803,360.2888583634333,375.5898433624691,442.0927698942905,576.010622053633,589.1250828479715,543.4643361238199,501.7360918413392,450.53824641222553,536.9934554149738,3061958
174,25,2017,409.5497699944843,370.524643852613,307.35626909297986,333.0361684090273,416.19149829653713,579.2659143905055,876.1866289698424,883.0331059125141,851.0635073040503,409.9062282423679,336.19451342949515,346.66255029198936,260
175,27,2017,713.0702916270594,673.4504102288946,563.9181583452371,470.5514346291912,442.12480782565416,500.01174132073135,618.9713335181223,604.8521249104724,552.5461524375825,450.42906738699037,469.8109251295954,573.6984692796476,15052
176,83,2017,518.5233607349886,461.828145479794,431.00001307316035,387.70924058700683,387.8432593585432,379.8708500640227,407.85607992827704,409.8451789101918,426.5280129707454,404.7551237562775,421.51204672132064,486.6409627262752,420548
177,31,2017,734.0442932658141,564.4903977107103,533.8981963903794,480.3987961771387,690.5131655598317,1053.5491450768895,1329.5009915960075,1307.3753148201229,914.6419765982317,559.0561278461238,569.7969228663219,777.9522332741624,152968
178,107,2017,611.1508368473259,512.3218514005802,474.5652331324476,433.87746957846804,528.5971182500487,790.7517293467304,1138.2730715307223,1118.428859062814,1012.0346419314537,548.198359563054,463.2256723693772,566.9658423003095,440133
179,29,2017,514.7042390048905,404.2924665644884,385.25273819735247,358.6065531330734,538.4667635217266,876.9939176302787,1169.1761669036198,1129.3384160575697,803.0060056504547,441.9986937037771,398.5625829312007,513.4283236372357,838810
180,19,2017,585.8628100626878,451.87855739200853,429.0198897354629,389.73429835891443,571.716997541601,929.9112267731459,1214.2955557940024,1165.713835290113,793.3119548836103,443.84237467100786,449.3884490296827,590.2186644591502,930265
181,53,2017,500.6550836149988,394.0765906828238,389.71091148493616,359.38010876413466,357.19323672822435,339.34290851131595,356.15166798466106,367.9010393502301,363.28533738257596,375.96132736666607,401.32656257580726,484.2658144177754,414542
182,69,2017,632.7481013893102,495.0639012382552,473.88553630827096,435.8013595080584,443.301406950948,483.4599473546275,541.1740741361388,529.2926422220625,540.7626064224933,473.4081891034652,495.8460315451913,621.6656482144826,55269
183,79,2017,528.8055669704244,434.8867968839408,397.3957726910821,363.0394603668848,380.5928318506904,426.7093141467073,503.15011962205284,481.6012258318721,439.6319452725149,402.6528862848818,413.0686686464422,507.9404965332304,269621
184,51,2017,982.1031188620772,919.8946516283562,827.2852267781419,682.7449289505547,502.05608871142545,408.1148157185853,410.25709619210005,391.7191651580149,370.4303022916232,409.3981687780454,455.17380101672853,625.9375101235529,12782
185,39,2017,681.5043433025189,528.8547825520502,496.4161161305214,447.3685109491028,581.9945550589872,889.7880649084967,1168.8182086405561,1123.1788054197498,792.8497848637228,488.987071996595,514.4604045172829,675.6683446975472,150865
186,43,2017,778.8035931028711,626.1364798458135,591.3339979539779,536.2832440131953,539.309040953819,690.0682199058984,806.4309600088505,817.826799336056,615.7891346505683,515.3918300878609,569.3249012989562,699.3584768012146,18251
187,47,2017,627.9027052847063,479.24321814817523,456.75222092837413,417.1527497097272,572.1279731278769,871.961928790422,1144.7961447683833,1069.4266856806914,772.7080882816464,464.5393740931618,474.91942493268266,616.8563182765141,233623
188,81,2017,574.2456064831033,459.67323917369873,450.9869822355406,408.99308584714464,407.50123535975337,401.4969123770096,412.9510054826837,419.891559646572,429.5830257104125,421.97358306564115,456.5609720665387,554.8617938279965,718168
189,85,2017,596.7509873438073,466.35321881324336,449.46298561634353,406.9372730547462,434.39830052943336,489.0372093318134,555.0645061192909,541.4012534727628,544.9952162810722,436.3457236058634,463.7000817467017,579.8089961794979,1618731
190,75,2017,435.6553773399957,345.8074693547183,339.7721106510564,308.16624917811316,302.1849866311593,282.4003496142906,287.11898475630653,295.92188609079045,290.5730701743762,308.34040566514534,328.0976322768947,383.67178052752155,799169
191,55,2017,728.2041984833093,586.6314331696113,558.6727177002667,518.4806535185777,561.3595850846497,650.3067952732584,694.4803705294314,674.519585570909,684.0706353532821,540.0765043825411,600.6941290395765,707.1998172399612,136484
192,1,2017,522.4751038782038,416.55182078617077,403.2536494376679,367.85540546095405,374.9925196822928,393.3408029074075,422.6243072697438,418.2786596161596,426.5786922891947,384.0446994387694,409.18518391125986,498.42493774719276,1435704
193,13,2017,607.7525330538555,485.4633359597486,466.05958286354786,430.7757647000703,489.79717284266167,620.2228849734942,726.8781382412982,670.0406460501923,614.4622051799205,468.1604321430304,493.95878731441735,601.8625842690146,1047834
194,95,2017,592.1085073656145,474.0137069132203,453.9744278039627,423.3701467495073,492.72134976170867,625.615937185432,715.646178044068,662.9815178642926,628.9507037703621,468.6277947951317,480.6996179764103,579.5904862648831,408700
195,97,2017,679.7919052060157,551.0048692397697,536.7791052587763,498.8339063128747,492.6938495679835,527.9604376604944,556.1687780753508,528.4452723225338,547.5873445866712,493.9995329963964,556.1455807081005,670.3418962611263,483203
196,67,2017,1086.9352294312625,829.1896417142741,752.9143686289441,675.9831517107533,800.9884583850601,1069.1241525245978,1222.6215625925945,1096.0672402101568,901.9321815232105,698.9423660596508,793.2544866197273,1046.3028939048932,38995
197,41,2017,625.2594357822447,502.3120804224257,481.69125388284954,437.1391929549716,424.6599918733458,429.68873753831934,437.008300595259,444.7385179416494,468.8048389909253,453.83343330665764,505.9792566574351,609.4901719494237,252317
198,87,2017,600.7012246204459,488.2954556203083,467.72804696464374,428.9177122213811,411.6719967784939,391.62181244072013,404.7735710594124,411.4640436263966,410.99720240275497,433.48506100637155,478.45378158279897,566.9985060211297,262382
199,77,2017,657.0424398455734,510.6368666985744,486.21859164058947,450.44817611007244,581.8620266544596,830.6187362751189,1059.11735937823,967.6475764206303,766.836902905803,505.7590851698174,527.5236268383346,658.5826661008422,683691
200,9,2017,826.8962907628204,653.4047607969231,620.0741511013737,566.0072717994009,579.7851810636894,778.7181130465261,995.1117101148712,941.2576454921175,714.4420405643829,567.1636088870704,641.5506254390375,777.5552045791959,45414
201,3,2017,441.4320518969157,379.69126309913906,346.59308470336475,318.1885139169131,286.6348097364947,301.8660451029201,368.2954287956365,324.63854144555813,294.670160136674,285.1332476860881,329.9904899101959,391.45575760936697,121
202,109,2017,796.919452713337,628.1405973854934,592.1604196201287,544.8691768051971,527.7004197088088,671.9414090266997,829.4061341762472,794.6949269877333,595.007489824673,506.84351424210047,584.3512578281671,718.9840200915934,55111
203,99,2017,615.5718581048965,465.1846727721443,427.8973138640741,387.9898325048458,503.21383395658023,736.7938696241912,946.3058979915295,868.2234892314931,657.7672153070174,420.4584039463127,448.4163111090187,587.3083259180313,112013
204,45,2017,861.3584093102163,718.0871329551192,729.1023686267937,679.4902561400035,645.4344986116247,669.9530469307623,760.7136081498262,765.8064771519673,643.7108807421826,627.589348592757,720.0420459614699,845.8894447706335,87740
205,33,2017,1011.3376567716049,792.8660526883857,737.8632064193573,656.6653412043838,604.0591041581383,726.2938654324936,872.5650051270204,868.8149726027535,652.1820852952006,576.533717092675,744.0372124961475,930.6089193068182,64659
206,23,2017,2550.782668803819,725.1652917774437,773.7573050490626,734.3290445373414,686.4098025301847,624.9643482650148,629.325426301614,624.1678332938146,598.3361817699299,665.4731676739799,715.6851072541112,798.6377000861903,133795
207,105,2017,755.2067836743418,669.1663533175941,784.9255368888097,814.993795320148,677.6511269780356,645.2057621118322,707.8770604527253,699.2234623255637,587.0083863806905,690.297747424076,672.4829146998663,674.1690317464887,2238
208,5,2017,768.3728824354321,603.9143465816015,575.5212402682073,525.7061999768557,542.7862690347866,758.6411198120636,952.173677949655,896.0461054776918,665.2704395084025,508.99496118145134,583.1250548301804,714.9109312444091,37876
209,57,2017,871.0108743631597,714.3181247363813,690.0388868629433,639.0057706428181,601.3381778996264,792.7317475965415,954.2987380781676,936.5940825907676,694.7837582897921,584.3095769229578,700.4898160876807,794.3593556196413,81978
210,61,2017,848.6337845119192,659.3752473069949,595.132069542014,540.3052037978047,610.6790239323216,954.2101842005047,1259.2369710766743,1165.1905507799963,843.4091438656011,557.8079527174386,655.3650114026165,801.071876307866,293671
211,113,2017,565.3988235207557,444.50920110029944,408.88779123633776,373.82390337141027,488.3615264763192,710.9600260395699,841.067984406248,781.9487992138061,632.3997738025483,414.16893548329205,447.8326295654391,546.5472237645998,200849
212,17,2017,900.1723491573597,693.5392176925128,630.7316029038341,558.6851948746005,560.170037370063,830.6429375718543,1066.6812439037105,1027.0187482082124,756.7350541110919,570.2390443891314,686.0485691274746,841.9859187861111,150331
213,101,2017,593.6048854779333,453.67942044467895,429.33731557802264,389.1117122475946,556.8989367724946,896.1160786653772,1134.9344946358044,1053.8020440531718,749.985900512065,437.3031846641851,478.2761861269705,585.0829654114128,94737
214,11,2017,673.0160654267672,515.9668451136656,464.0872921953959,411.051133467646,578.8625123742055,889.7255491489958,1094.2883634928219,1032.7201493089087,746.9148237861033,455.7785612605867,582.8370690403025,645.4680406518271,21419
215,115,2017,660.2322645329933,516.4718072694872,501.418600417967,460.649503943017,586.0370553112461,864.688745674669,1078.6577788822776,1014.3524935076593,744.8818117651945,482.2151204825717,526.6862366351163,639.0173700280011,70418
216,7,2017,670.2587269922276,526.7383618697233,492.6374786183524,449.4816204146723,530.9340278122903,786.6762248521193,981.5402731839886,942.5699173577144,678.9231891081754,460.80121493323304,531.7319540429739,630.3342646637526,219996
217,91,2017,483.0770712471693,403.3545904082125,421.0620791188466,391.0971580911281,347.10587983496276,366.49255324447006,415.8199594343944,417.97352181182134,363.5418718201553,376.15891101372426,410.6770698741155,435.7184609869345,904
218,21,2017,798.0835232516432,598.8634303067827,534.0844952314754,468.0272582949609,596.0040076802836,931.8440024083736,1172.7973912852904,1102.2335238129353,803.4535288947038,516.3826480149004,592.9984059554399,754.8575189690054,28122
219,63,2017,670.5801038499611,543.3930042750032,536.5368002280554,487.29979190529485,436.49272890993547,455.4514057165668,519.6030220759359,494.27039729090313,452.2354221922124,505.3343032318748,540.4080112987314,670.7132179788605,13017
220,103,2017,801.1064958617231,619.7015388817348,581.5503030457535,516.1204866894299,614.9378284086356,902.2167711888331,1134.2334346955665,1091.747787315954,769.6256682941023,531.8200483431502,618.332241859367,751.7239421558164,63036
221,89,2017,962.6372156728817,759.7331721852099,716.12788242995,636.247145413883,676.9586249331901,930.3841407359115,1167.7476168447638,1152.2507540742513,828.4795829876715,615.7552419642681,758.4179727345503,875.4309127047034,176603
222,35,2017,611.904503425447,477.3287870712605,458.5832346146161,419.90203375013965,408.8675733464759,445.27890930204717,566.5205903224025,529.1452287994344,435.65005820369043,427.98892874257683,455.72123377146846,540.3306248335047,2951
223,49,2017,932.3829299984912,693.274144497872,674.293440037874,592.2018856936935,563.6743448036091,627.4685959507894,742.1771662742497,720.4925030763478,622.9662793513513,597.8208765352019,679.643911154011,829.3531880613848,111
224,37,2018,547.6703319793719,515.3625724861857,567.9676001869276,428.05357962884824,408.5620621636332,456.00101623140483,661.7791526528972,823.2050477533255,665.5756628579986,504.2832337605385,432.2080379079412,484.27664646445714,6643854
225,111,2018,412.1141976490921,362.00565884790495,379.1505567559219,450.25137991284976,419.7216241850917,452.14953660116254,603.7400776547164,722.7823732476504,601.0590312299819,480.2031640110591,450.2061147658901,502.6181687017235,822872
226,59,2018,476.7081848642721,427.3401588784273,440.72296797980937,413.53159679874346,405.73241951459164,435.81084322396373,643.1296954104915,778.2232465313506,636.2833547217199,499.6403093327084,441.86034843495315,485.41385384524614,2777814
227,71,2018,56.773019540891696,43.3861562995819,43.208615565482795,451.231736748361,456.1646286662571,558.8150400645701,892.5672551686903,1088.9620932571402,860.4755449620078,625.8898147735268,471.8717131715165,517.501486915591,2004701
228,65,2018,600.3348564461836,456.12670226724515,452.1092287864072,520.7566929299846,534.7693782957939,655.6286783531178,1022.924922094875,1289.0427800571542,1018.0934340561315,740.7794766864769,542.7961845373937,579.2420984589832,1933533
229,73,2018,513.621674132771,402.32858844584814,438.97274875580695,369.4701875368189,375.33010725862783,357.4552629234489,619.9161547663238,676.3450715730875,507.8530964660559,439.61087517265474,374.64475966668635,457.2714813660412,3061958
230,25,2018,412.15927190099177,362.1483482557676,346.6662282562171,348.562784645047,442.576148214772,618.2344220548742,822.403224631794,950.6903022533978,871.5704681629732,583.2314738576658,326.446671098328,368.7368687631688,260
231,27,2018,0.5969363750647599,0.4693887687785726,0.4762693853905821,482.46355384489107,434.8726507395148,499.6252817474738,621.318678128657,624.2596043168472,548.3599461960786,451.67296411040695,480.0439154174928,627.7649681285025,15052
232,83,2018,422.132898685967,372.39215457216665,399.36766769599905,393.3065680492049,376.19474947946355,367.6981545141305,411.457156377333,424.84147668324346,399.35694226287677,388.9786767980906,410.8314289154839,481.33687710108603,420548
233,31,2018,678.2596219845675,543.3766297313483,542.9872182217578,477.3413543022047,618.6905072910508,919.3080720070218,1360.2286728132267,1155.7863095069565,855.1581103376017,565.8912747851857,595.5271142224465,740.8532820065859,152968
234,107,2018,656.2305939055515,538.2326005848927,532.860091543634,442.58078927859947,504.03294703795893,724.6925845798271,1076.883184484262,1099.6316742274546,869.3167209754262,588.5974542097073,475.0656814096797,565.7113851807172,440133
235,29,2018,461.5027103795653,357.3091076736662,365.8255147695805,370.1801907931245,480.5032009014408,765.5303212940596,1170.7501400043354,1039.461717518547,765.4752783143971,478.77359343697714,408.54605091823265,501.170829089084,838810
236,19,2018,524.6357114539902,427.0632895164927,437.7277810102964,384.16636113517353,484.80300730747905,778.085236515956,1210.5775860360372,996.6332265280386,725.9636916472631,445.3339634681438,461.57019985779334,582.3929901939129,930265
237,53,2018,444.1020995607404,384.9967889689458,417.6504114343362,348.86415645747053,354.2114072829908,330.24360516022284,353.2186768937106,353.1543693543055,346.1843521499574,364.06238116022786,407.7860579725934,481.66028059475656,414542
238,69,2018,552.7567615766181,466.319422151095,502.31829931948323,412.59648379496883,411.28441438042813,430.9293825190629,545.4435277730887,506.4449705828011,436.9915528472451,445.43206766192736,504.4117251661264,607.9025885442849,55269
239,79,2018,462.3969143667485,405.0288435123212,431.69013580519413,346.4108531005211,354.7228942970998,373.3349331506657,509.74059968965827,452.05356588610397,383.9908189933308,378.1617446228395,418.7552216157663,500.986597371692,269621
240,51,2018,0.0,0.0,0.0,680.7278601417142,432.14952998460063,382.7432746198114,391.60306927938916,383.18718255671934,353.6026071621765,368.1947132055912,454.53015208151146,710.4861494353697,12782
241,39,2018,605.4098020841798,507.0406882510898,518.5372056756746,426.5922896660395,491.82161060522236,745.9369547634644,1153.937943143426,955.5599532818749,714.0176718049762,482.67440132336577,527.2211423670409,663.0944581011181,150865
242,43,2018,642.2713297681041,595.2295494950072,641.0865979288337,497.0400782764232,492.48272507202324,598.4200954866687,843.1767124997732,709.3302862096837,569.2030466994928,490.35729405131497,581.3799987997792,724.5236276534126,18251
243,47,2018,563.4367471570176,462.707653431513,476.36782537714316,408.80179429991466,482.9067440458237,741.579481072206,1123.8659733134114,912.955416914084,682.952796707141,471.25227269986357,498.1177183346515,600.2632988861467,233623
244,81,2018,524.1538097442077,444.7803670535298,477.0601177449822,402.6697082364538,403.8048191807463,388.0257050445945,407.9883463857619,404.83338056953176,392.1766370536824,414.5662658353158,463.50930273860416,544.7394303232801,718168
245,85,2018,533.840255034638,449.1772903436786,481.40499639473614,394.076446522922,397.9538370480788,439.70340305712796,539.2009613040049,491.4753453520836,422.5006985295759,422.7390559708007,476.7596411125938,563.2998399775128,1618731
246,75,2018,386.0450548640637,330.157602651331,356.2078183098116,304.4258480782327,302.6085043515688,277.08117737214087,284.2652967629537,291.0452114608504,355.9418882361423,299.963951700368,324.5088715900405,380.5287352251238,799169
247,55,2018,662.9118240458864,552.8992643340615,598.6699097775718,505.93170253112174,522.4851869037607,588.7186589643658,678.9803450370276,624.5452178616192,551.5720632046496,548.8069062203576,610.8824738985707,706.6909794317329,136484
248,1,2018,471.2794696199173,395.8246117799159,424.7094913057872,356.0534379662079,355.7904723584504,358.8106187967656,403.29436689036027,383.6738768316885,357.89705570290243,367.15434799473275,412.673977870205,489.2648523714796,1435704
249,13,2018,563.2748444356675,455.0092023601344,491.16980569886846,412.62530378985656,426.2042629083535,537.5900621752905,691.266462217263,595.434811319075,494.7475791366892,450.2055564520311,499.89347241463133,595.064515419932,1047834
250,95,2018,550.5523145697762,438.89889073199015,476.94764863598175,406.56549192830397,419.1762561410755,538.3601608500932,674.9108298656801,570.6802910509923,494.6736712309868,448.4276177863145,484.99511956414904,572.1333816038483,408700
251,97,2018,621.1686055545501,517.9816555934974,558.9073915788792,472.025858533663,460.3657106037585,477.48943456379385,510.75920924020926,500.9129205966814,458.7300754250154,477.9336538078694,552.0891030402852,641.525873440088,483203
252,67,2018,974.360441588617,806.3953288954641,766.8703105745815,582.1160288019603,598.0418959432299,830.951416256331,1141.9763900815637,931.5657629392737,748.522889008792,617.287256786714,767.7419319994442,914.6214455763454,38995
253,41,2018,583.0513913660416,475.01875655429006,522.1513397667962,428.2665483868531,418.1405220767094,408.7485743004846,434.74415753691966,431.95741051106285,416.76301314396267,447.360819606924,514.6116144197086,610.1973128222052,252317
254,87,2018,535.1269510283785,460.62488097466314,502.79476222852014,412.6354217004671,403.6920732672644,376.01343610322755,395.89940769323704,393.4454603653375,385.62493906877785,415.86503160922484,475.2447956893416,561.3344255125164,262382
255,77,2018,610.1950874657381,489.997004206462,514.5294673486761,433.5794054688329,476.6042165676693,711.6292681705369,1004.8161815517442,813.6653354658122,628.8975504111997,490.56354362770384,546.8310415270911,641.9694922140291,683691
256,9,2018,707.0744181021654,619.7853006689387,656.4268533138705,501.8648459556251,486.12661419137544,631.9367135403031,934.1589160218701,747.020421640934,581.719982528804,486.39714146987353,591.0855691411646,749.8027749245691,45414
257,3,2018,362.40365485095253,351.40409756761187,378.65399085309366,295.71791067059405,278.1357440662074,274.9701794669938,377.059630102166,308.1173484777771,267.64914697858165,274.4048872135137,332.9100629821224,443.1552068900292,121
258,109,2018,659.4294528863611,610.2826642637385,655.197332211369,496.8130156669483,468.73296519217047,563.9166285105827,833.560390078769,686.429925854595,532.1756883496352,472.75721329433554,577.1748826962396,735.2202123172192,55111
259,99,2018,542.9662445399812,437.8162311989478,452.62421640871554,362.7121219013054,414.86086518856246,629.9796204027481,922.7785592743481,737.8488309023455,556.6698063484768,421.6869694820751,475.1296418149918,582.6811457327246,112013
260,45,2018,783.1322038149208,693.8516870635854,762.6055702946907,645.8265737025092,596.8071126765335,610.1292436563347,756.5451528429114,662.1179176574822,576.0092956165374,604.2093461655505,714.3453633855144,806.1607621247983,87740
261,33,2018,865.7762365215201,745.9534146792188,807.2651476713336,603.928929365123,538.5959539461396,632.9341693842127,860.4251136876735,718.134285016433,581.6822171237974,535.5581455612031,728.5041109339496,902.2798794127065,64659
262,23,2018,754.6368941019842,701.442584330728,765.6731339669633,673.5415833359591,648.7718282906749,572.4441282388226,579.9291374134763,571.5061061165408,548.3171738080113,613.0073097247431,666.900519473686,754.5131148883856,133795
263,105,2018,632.1567830236398,607.9856346136875,685.2416289152213,630.000350776961,578.5318186355598,544.8727568209699,654.5062561564895,576.6478260782897,517.5520862955912,599.7883397152455,626.5774037233746,627.3173671806239,2238
264,5,2018,655.4895084817797,574.519396743997,610.8987823158992,471.98043247248376,455.0817983380664,604.3995553870836,919.3250550844467,727.5044565405884,558.4875240312488,463.84654881742955,559.3941470579533,706.3824298066944,37876
265,57,2018,743.4475869502922,656.9497560518121,724.747148920246,570.3138370988518,530.2075458198215,642.9988240546016,983.6078667576455,778.754036397415,589.0737617920813,549.5127444247,662.2154696183692,805.5761041935115,81978
266,61,2018,746.4903576512113,592.4068587722472,619.0758538446621,471.2747743039164,488.03082246578543,744.3795930540343,1209.6110447005237,940.3591433539057,681.4372502352096,529.7256030894355,659.3736140889637,798.4639865772265,293671
267,113,2018,522.6510047932754,413.71262987372296,431.964448415372,359.70899221489725,400.7388222917893,586.6364804539404,812.0962414400093,637.2884345602527,503.0002023970714,408.82892341443306,456.1849443431825,531.135926474127,200849
268,17,2018,779.294639212774,658.0792872936822,692.6420375938063,514.205107052115,485.0043917853209,649.4771926654989,1040.3276385440713,817.0837922434306,618.9920998554257,527.7187903980234,671.1785030699194,848.9053962960687,150331
269,101,2018,545.5087932760912,422.6750621677926,439.26605819456125,371.5506249588132,453.5249895975209,738.4078202064828,1103.2471451296592,829.5870756786522,607.7752502884803,427.64332170005247,495.8748494994551,574.5437455371438,94737
270,11,2018,609.0653610788117,460.8219271497671,512.2520421548079,393.10010731990445,485.43782794616226,765.6185815822951,1087.9812775465464,817.3026459420162,635.4857187333145,436.585675172171,529.8183910208875,650.177582553852,21419
271,115,2018,600.7143233573022,488.51672023518057,512.6267350080778,427.04175324301815,484.78866217283945,714.7803834473677,1046.8704321178147,816.0138850889687,612.5016403481942,466.4306408805594,535.1003663988432,625.7125828792923,70418
272,7,2018,591.513984498542,492.2215096183716,517.818634513254,419.87405090353815,461.64151603916986,666.4423277821942,988.8804279439603,748.6154249343308,567.207279850559,444.57114683368843,481.1078623770023,615.9040453994719,219996
273,91,2018,400.9907823770129,369.2150470715645,414.9727140489491,338.4240683111585,318.5961723948591,326.62626061375016,413.2586209964031,372.1886188757229,321.9580673351192,333.76417266149684,381.23709649077165,443.53110696844664,904
274,21,2018,705.8400954534944,555.9283158557729,578.2428444981573,435.61926307246523,528.1797950242511,825.2809501840758,1167.7687374979487,874.5320382515919,693.6003275791905,523.3449681259488,661.2821332891976,802.1705079278639,28122
275,63,2018,597.3365916765114,547.5952370250163,578.9913881911015,456.7359003445559,424.5948672501451,417.8832913121902,520.4482864492489,462.0485835140632,419.7780979277694,470.2686469853876,545.0963410103637,635.8474128599697,13017
276,103,2018,706.2349525647263,575.8220213749212,615.4789298360424,487.9958135070095,563.4475171312869,804.7493233136925,1148.72547006216,881.3474694771071,670.3602292191125,514.7670468237174,627.2317853391461,769.8191046150065,63036
277,89,2018,836.3114982330491,682.2231619412353,755.691085862074,579.0943059161236,595.754624054442,808.6485984172671,1150.3353393020857,928.635144330635,712.7269780715629,587.8733995999157,718.4752787519827,908.007999442828,176603
278,35,2018,492.66555466349934,453.55424617347444,480.0158525544308,397.25789816488026,401.89254949286675,426.57115680838945,588.9918348285706,469.9931217653138,408.58748224000226,410.6255462543528,460.5063962739744,541.2763253641901,2951
279,49,2018,753.2672982800981,679.7510532389532,716.0426004894446,582.4400815496031,530.0258535568207,563.5376051051051,739.7505855855853,587.2821174539524,548.8397943693693,570.2118666666665,659.8473153153153,818.5961711711712,111
280,37,2012,0.0,0.0,0.0,0.0,0.0,0.0,0.0,0.0,0.0,0.0,0.0,0.0,6643854
281,111,2012,0.0,0.0,0.0,0.0,0.0,0.0,0.0,0.0,0.0,0.0,0.0,0.0,822872
282,59,2012,26.145108950099903,25.22800282100108,51.61223596220732,94.28497463157846,99.7785479734448,97.75313642265439,117.39726180931336,169.1416337329716,162.36843346206376,120.45217017753703,112.41620784296258,134.77653683947543,2777814
283,71,2012,0.0,0.0,0.0,0.0,0.0,0.0,0.0,0.0,0.0,0.0,0.0,0.0,2004701
284,65,2012,0.008956982955017128,0.04174932525182295,0.01123949615467467,0.01376326301554125,0.012807670050279517,0.012438349844971235,0.016197722342985613,0.023077457977591923,0.021502367497941,0.01672777849883102,0.01639056170354616,0.021533355127719016,1933533
285,73,2012,212.62543763822407,247.3175582065204,300.85064124384496,458.8168164311506,478.2732431786447,482.1905379247194,566.6749241240411,766.143644907672,736.7188585092856,587.0136936856621,557.7097992894253,693.1889311070079,3061958
286,25,2012,6.472103222779183,7.468203604430801,9.139499319965827,13.95014533915123,12.562020800000003,17.50294038095238,27.687891078431377,33.35402302884615,22.68610828571429,11.915029351851853,11.586581759259262,19.68678713675214,260
287,27,2012,0.0,0.0,0.0,0.0,0.0,0.0,0.0,0.0,0.0,0.0,0.0,0.0,15052
288,83,2012,0.0,0.0,0.0,0.0,0.0,0.0,0.0,0.0,0.0,0.0,0.0,0.0,420548
289,31,2012,0.0,0.0,0.0,0.0,0.0,0.0,0.0,0.0,0.0,0.0,0.0,0.0,152968
290,107,2012,0.0,0.0,0.0,0.0,0.0,0.0,0.0,0.0,0.0,0.0,0.0,0.0,440133
291,29,2012,0.0,0.0,0.0,0.0,0.0,0.0,0.0,0.0,0.0,0.0,0.0,0.0,838810
292,19,2012,0.0,0.0,0.0,0.0,0.0,0.0,0.0,0.0,0.0,0.0,0.0,0.0,930265
293,53,2012,0.0,0.0,0.0,0.0,0.0,0.0,0.0,0.0,0.0,0.0,0.0,0.0,414542
294,69,2012,0.0,0.0,0.0,0.0,0.0,0.0,0.0,0.0,0.0,0.0,0.0,0.0,55269
295,79,2012,0.0,0.0,0.0,0.0,0.0,0.0,0.0,0.0,0.0,0.0,0.0,0.0,269621
296,51,2012,0.0,0.0,0.0,0.0,0.0,0.0,0.0,0.0,0.0,0.0,0.0,0.0,12782
297,39,2012,0.0,0.0,0.0,0.0,0.0,0.0,0.0,0.0,0.0,0.0,0.0,0.0,150865
298,43,2012,0.0,0.0,0.0,0.0,0.0,0.0,0.0,0.0,0.0,0.0,0.0,0.0,18251
299,47,2012,0.0,0.0,0.0,0.0,0.0,0.0,0.0,0.0,0.0,0.0,0.0,0.0,233623
300,81,2012,0.0,0.0,0.0,0.0,0.0,0.0,0.0,0.0,0.0,0.0,0.0,0.0,718168
301,85,2012,0.0,0.0,0.0,0.0,0.0,0.0,0.0,0.0,0.0,0.0,0.0,0.0,1618731
302,75,2012,0.0,0.0,0.0,0.0,0.0,0.0,0.0,0.0,0.0,0.0,0.0,0.0,799169
303,55,2012,0.0,0.0,0.0,0.0,0.0,0.0,0.0,0.0,0.0,0.0,0.0,0.0,136484
304,1,2012,0.0,0.0,0.0,0.0,0.0,0.0,0.0,0.0,0.0,0.0,0.0,0.0,1435704
305,13,2012,0.0,0.0,0.0,0.0,0.0,0.0,0.0,0.0,0.0,0.0,0.0,0.0,1047834
306,95,2012,0.0,0.0,0.0,0.0,0.0,0.0,0.0,0.0,0.0,0.0,0.0,0.0,408700
307,97,2012,0.0,0.0,0.0,0.0,0.0,0.0,0.0,0.0,0.0,0.0,0.0,0.0,483203
308,67,2012,0.0,0.0,0.0,0.0,0.0,0.0,0.0,0.0,0.0,0.0,0.0,0.0,38995
309,41,2012,0.0,0.0,0.0,0.0,0.0,0.0,0.0,0.0,0.0,0.0,0.0,0.0,252317
310,87,2012,0.0,0.0,0.0,0.0,0.0,0.0,0.0,0.0,0.0,0.0,0.0,0.0,262382
311,77,2012,0.0,0.0,0.0,0.0,0.0,0.0,0.0,0.0,0.0,0.0,0.0,0.0,683691
312,9,2012,0.0,0.0,0.0,0.0,0.0,0.0,0.0,0.0,0.0,0.0,0.0,0.0,45414
313,3,2012,0.0,0.0,0.0,0.0,0.0,0.0,0.0,0.0,0.0,0.0,0.0,0.0,121
314,109,2012,0.0,0.0,0.0,0.0,0.0,0.0,0.0,0.0,0.0,0.0,0.0,0.0,55111
315,99,2012,0.0,0.0,0.0,0.0,0.0,0.0,0.0,0.0,0.0,0.0,0.0,0.0,112013
316,45,2012,0.0,0.0,0.0,0.0,0.0,0.0,0.0,0.0,0.0,0.0,0.0,0.0,87740
317,33,2012,0.0,0.0,0.0,0.0,0.0,0.0,0.0,0.0,0.0,0.0,0.0,0.0,64659
318,23,2012,0.0,0.0,0.0,0.0,0.0,0.0,0.0,0.0,0.0,0.0,0.0,0.0,133795
319,105,2012,0.0,0.0,0.0,0.0,0.0,0.0,0.0,0.0,0.0,0.0,0.0,0.0,2238
320,5,2012,0.0,0.0,0.0,0.0,0.0,0.0,0.0,0.0,0.0,0.0,0.0,0.0,37876
321,57,2012,0.0,0.0,0.0,0.0,0.0,0.0,0.0,0.0,0.0,0.0,0.0,0.0,81978
322,61,2012,0.0,0.0,0.0,0.0,0.0,0.0,0.0,0.0,0.0,0.0,0.0,0.0,293671
323,113,2012,0.0,0.0,0.0,0.0,0.0,0.0,0.0,0.0,0.0,0.0,0.0,0.0,200849
324,17,2012,0.0,0.0,0.0,0.0,0.0,0.0,0.0,0.0,0.0,0.0,0.0,0.0,150331
325,101,2012,0.0,0.0,0.0,0.0,0.0,0.0,0.0,0.0,0.0,0.0,0.0,0.0,94737
326,11,2012,0.0,0.0,0.0,0.0,0.0,0.0,0.0,0.0,0.0,0.0,0.0,0.0,21419
327,115,2012,0.0,0.0,0.0,0.0,0.0,0.0,0.0,0.0,0.0,0.0,0.0,0.0,70418
328,7,2012,0.0,0.0,0.0,0.0,0.0,0.0,0.0,0.0,0.0,0.0,0.0,0.0,219996
329,91,2012,0.0,0.0,0.0,0.0,0.0,0.0,0.0,0.0,0.0,0.0,0.0,0.0,904
330,21,2012,0.0,0.0,0.0,0.0,0.0,0.0,0.0,0.0,0.0,0.0,0.0,0.0,28122
331,63,2012,0.0,0.0,0.0,0.0,0.0,0.0,0.0,0.0,0.0,0.0,0.0,0.0,13017
332,103,2012,0.0,0.0,0.0,0.0,0.0,0.0,0.0,0.0,0.0,0.0,0.0,0.0,63036
333,89,2012,0.0,0.0,0.0,0.0,0.0,0.0,0.0,0.0,0.0,0.0,0.0,0.0,176603
334,35,2012,0.0,0.0,0.0,0.0,0.0,0.0,0.0,0.0,0.0,0.0,0.0,0.0,2951
335,49,2012,0.0,0.0,0.0,0.0,0.0,0.0,0.0,0.0,0.0,0.0,0.0,0.0,111
336,37,2013,0.013288321454170325,0.010919632302584435,0.01045315405147889,0.009576497537968754,0.009603309534526686,0.011320535815451208,0.014568821152107392,0.01234592348620244,0.010409500139338869,0.00943902634111165,0.010218158109530617,0.012721205918481644,6643854
337,111,2013,0.0982065435244107,0.07625059748494453,0.07446618982325175,0.07561755679838689,0.08762903162130599,0.11409436932057435,0.14614132471035451,0.1276484131927851,0.1036733824703119,0.07491211455318142,0.07307018495898399,0.09919837398769189,822872
338,59,2013,114.53544831849088,102.58955105003271,101.19655279264464,94.2379359932631,104.14864318978282,109.626357060273,131.94025394937904,136.69666506372735,141.17983955837303,108.38060693976708,107.20814384278829,125.79728094083391,2777814
339,71,2013,0.0,0.0,0.0,0.0,0.0,0.0,0.0,0.0,0.0,0.0,0.0,0.0,2004701
340,65,2013,0.02054427253779615,0.016161273737743582,0.013953932401522132,0.013017596014433822,0.013840908767897153,0.014918083877199579,0.01871751916225723,0.018761573822971847,0.04073002398892664,0.016679963807661395,0.017721469129865594,0.02106054231084109,1933533
341,73,2013,685.5746564172173,557.3172190363885,524.2313454561983,479.7462463708286,497.82333388949525,519.4098446649109,631.1407856420251,639.3500100763065,891.7977131012807,509.8787907988586,519.2109677061435,597.6195617715458,3061958
342,25,2013,22.51143067226891,13.007559600000002,11.53033065891473,9.263976401515153,10.623208446969697,19.927486865671643,28.370110000000004,23.328351058394162,17.033598900709222,8.416046223021581,11.775600833333337,13.87930792682927,260
343,27,2013,0.0,0.0,0.0,0.0,0.0,0.0,0.0,0.0,0.0,0.0,0.0,0.0,15052
344,83,2013,283.1372960651976,240.30693160790796,240.79585872418724,222.48601487012095,224.31590913769259,221.83027230531508,232.4941706170022,231.79409692434936,227.3929762478654,234.36583030006918,244.46595593843207,295.1571934257589,420548
345,31,2013,816.2661658620136,660.743876969137,616.423165028387,624.4547896802369,782.8779808020148,1103.305030259137,1380.1990471960637,1177.3094298405897,917.1434234235305,618.0651563185085,631.8589529397674,847.2532555749385,152968
346,107,2013,200.86615301333597,160.03366054039023,143.63264834086982,143.47996622638487,178.27608455372297,253.00788631221698,321.0190149682299,265.1685833122527,212.53492122311584,139.9986312858097,146.72603982161306,209.9474123535608,440133
347,29,2013,456.11435662026753,362.60515678031396,365.28598325354227,396.86319040455953,534.1844696275673,790.2832256788963,1028.9485768967302,873.8202591604023,675.3264668244218,394.9444386203545,366.9562749137123,473.87050168915437,838810
348,19,2013,655.0868603523263,532.7017266684862,513.5848073055754,527.1376602766958,660.7507813605283,962.5277301854428,1280.4689468238719,1067.3174043524812,814.5802089525204,520.5047123128959,527.8731100576811,682.3862700689725,930265
349,53,2013,529.995809522442,448.0561607494738,448.4192454294818,412.351903085745,414.25647626229613,405.5283375316087,420.05913410273575,421.07852081934595,406.50282289105473,432.19987333734,453.51070009415747,546.5990645835858,414542
350,69,2013,664.389483033647,550.8021579441272,538.2708648820316,505.54954529548456,520.5738276077907,558.9739430064689,560.2557380547652,565.6916766299701,549.9985080544143,529.8293701794083,555.9032409916786,693.0059443050403,55269
351,79,2013,568.6354526337714,481.49872718158605,466.69118441197963,434.4230453917244,452.871411236551,481.1277646130131,513.0198836069613,496.5663687536926,471.9627061674431,452.3691218670998,475.39769725039355,579.6814094226062,269621
352,51,2013,0.0,0.0,0.0,0.0,0.0,0.0,0.0,0.0,0.0,0.0,0.0,0.0,12782
353,39,2013,753.1307677317421,608.9766088108809,577.7194594678034,562.6138480629876,666.1881349277063,916.3716725056445,1207.0785979552716,1014.9897550347844,800.8204486395482,571.6262403439255,594.9862940493425,776.2683292442014,150865
354,43,2013,746.6203182928957,621.4070381922345,574.14332957778,517.8069224567101,530.3905044341982,647.7979681586294,829.9694690523532,696.5564292821037,591.1093688710616,540.2112316109298,594.3605998800517,762.7634892204954,18251
355,47,2013,668.8211804335117,537.8717998339623,514.8711633408881,518.6066895837783,639.4701613517271,884.8059343318993,1148.364431745711,968.48958725831,754.7704432885354,523.3803025638698,536.5763276979162,694.2670393863019,233623
356,81,2013,591.4894152351329,485.35236426805176,484.6128456260503,435.2456435033335,438.1446809031113,431.0887125993142,440.10246592886233,441.19585092853856,433.0017106284599,457.8138954478357,488.7604341288818,606.4021711194735,718168
357,85,2013,635.4597557960335,514.0536103726508,494.0769469400435,455.7198557185165,477.31969685100853,523.6388718891546,566.9057368313588,532.7064858061436,502.55620256247715,477.41239807265373,510.96037635421817,649.5153332739304,1618731
358,75,2013,436.25789392346246,360.9747512874289,368.5845060102521,325.3280644041144,321.28638733285214,305.4064649026448,315.60938232196185,315.50841293319223,308.0251641696755,336.79054784422897,351.8468151656386,428.50265869369093,799169
359,55,2013,709.7076431098006,574.1510039312175,576.5567456594126,546.7491360985898,595.9183587697156,663.1381607321473,687.8562621728497,674.3707155461212,626.1779603289615,586.8160427821934,617.7928533875732,758.924074939985,136484
360,1,2013,540.6205227978229,438.6370186193869,432.3683861349769,393.7129985326942,401.389034715036,418.86792534318073,442.1349591976643,423.9223845676946,411.2894653978925,410.8687929105065,435.80321372104186,545.3190612157379,1435704
361,13,2013,636.9976682747468,510.7659021103427,509.3241919215219,493.53777519515194,535.3890799421972,644.7957575821623,708.7383944405508,634.6477483864081,577.4618748180676,500.34058364270373,524.6053410717379,657.3706885145273,1047834
362,95,2013,624.2134139295208,502.04679294592825,507.04965444486356,502.76618549164755,553.8334159943486,668.3980693123192,706.2984360498144,652.116375467831,590.5690439564873,501.3588314680941,517.0524917607631,641.6585727798786,408700
363,97,2013,660.4154694222101,537.8171893788317,542.4778698699706,503.61167627608586,514.1553537183955,538.0824772930675,543.3756118907605,543.0088327186096,521.127766474655,524.9004786774585,558.1589534858663,698.8816494222846,483203
364,67,2013,1044.737992094133,832.5617341089841,792.6105107068744,751.5760740930853,846.6840725670004,1035.335569810931,1209.4922283708265,1072.9949297261235,891.705979431554,777.5291596585879,830.9839332776589,1110.9023926246016,38995
365,41,2013,609.1157329547941,490.16988134717593,492.3452201323225,436.62981115467966,438.8238674978694,443.6052905932448,454.27743735610284,453.22208711957177,446.2015659067393,468.7156969733325,506.3738830452986,628.7529383977628,252317
366,87,2013,609.0335397220439,515.640869974073,505.41101068876816,455.65258495574494,456.780160963951,450.7942103816021,463.335807810166,464.7582355756118,452.5589847175394,492.31680895570986,526.3668362249033,631.3229564333449,262382
367,77,2013,696.5246411662108,559.108954249203,551.0214011127595,550.4795170317929,649.1342129364863,843.83749063072,1028.3698557389746,871.1095257094436,715.8920706209781,558.9168007760736,579.176797412127,729.6185604681039,683691
368,9,2013,827.2505341721937,680.2534437071163,629.1025336574527,570.3310511995137,609.420484110251,748.2423830888788,967.1699981966863,798.0394959348788,658.6812311145658,573.7431934800436,634.9616446753009,824.8779483574508,45414
369,3,2013,450.6025935321801,382.32245516078564,342.59368985094727,292.55334671071586,294.66371291782616,291.1231121046242,365.5263538873907,315.96883392424,275.7720624793388,293.75772865645234,331.75155732498143,434.83372878948563,121
370,109,2013,826.9361487770578,690.1962200339237,625.6710088901285,554.4866493320325,562.8910938540375,669.8041955443487,858.8653996267531,720.2246378448217,611.235509335718,562.0666487253326,636.0147358574754,825.4764170915487,55111
371,99,2013,667.556741890617,527.4501701380626,497.93159836823423,484.6637442223432,570.6607819316766,759.7063846174375,954.1932197739427,794.9053821375209,637.6868596289961,485.222415857202,516.6326132443678,682.1387087851143,112013
372,45,2013,848.7692002813187,717.5834504181222,728.7927925492728,643.8871123113511,644.9034406462347,661.3586609152264,782.0684364173953,680.569424831352,619.7120680039,656.5469982442941,696.1015640509036,886.1593327921358,87740
373,33,2013,1003.6699127453896,790.6606690788263,745.7987146982435,632.6007104770222,621.1007572102694,699.453782203429,908.5800995893887,744.3190768409278,634.5065902514024,634.4833786140595,743.8624447826958,1028.5329135975107,64659
374,23,2013,869.8962246969853,756.7688020410762,798.5661760939637,720.9575784417792,693.9098934609046,640.9825014244497,642.7695519922422,638.1197161890035,622.777421271722,694.0672024068731,728.6116956991635,852.4878582439496,133795
375,105,2013,755.1216325191446,645.0809353769873,630.0138335280096,633.8869876838364,634.2853532246532,584.0783537562653,654.44420473762,594.2923043658669,533.0784722590607,699.6705859809238,639.0086535746053,752.5333841864352,2238
376,5,2013,794.8163288353754,652.5622926790916,621.8415501523109,620.4361389384168,610.8727095037689,759.3637651316695,977.2414966788265,799.0061160884377,658.7327918693122,570.7493174673305,619.7511120227584,804.5569204142497,37876
377,57,2013,871.0236121023788,720.8041909611727,702.6627970648681,638.4388916339776,648.4420764218436,761.2229429948001,988.612661674752,789.5806973584445,659.2530320635447,645.8332652504679,709.5658845971191,894.1587119538428,81978
378,61,2013,912.843061206211,724.8047345560616,703.1255930332845,670.4706020794173,770.6559624345939,1011.7110702186063,1298.899292309157,1048.4387062256192,825.521883657303,674.1247379483573,723.5593882721813,947.2650807699231,293671
379,113,2013,600.2148444125169,479.0981476326666,465.63765654250426,465.15215670351245,550.9327451023709,726.567325977938,833.8127813112299,722.0026626645265,590.4781795369778,463.05491569371316,484.05983394675786,610.1603961459621,200849
380,17,2013,967.0968467857283,777.4465276369683,731.6200526218232,674.0087092710188,710.4065552553927,876.4128001273584,1121.8759250360642,928.248345590717,748.991785506113,679.285431027234,755.3696962201329,984.4360088522176,150331
381,101,2013,648.750583480995,522.7290742013471,517.9736936962063,530.4977545777009,667.342094535129,931.8797464599227,1163.0115771156736,949.0314419761402,716.2284895903581,520.9887901874483,538.8301881190097,683.0671727190222,94737
382,11,2013,716.6651446683292,565.2285817837591,548.7399899095545,548.0734781692685,681.3022141160611,941.2447259399689,1152.2799933949568,938.6758441404621,724.2287175852227,537.3609799694393,577.4769980033642,755.6444272181693,21419
383,115,2013,691.7336788149775,558.8854101128645,552.3662730417991,549.7066683082514,664.2116315724929,879.3365301506221,1084.500851491063,900.5165232569126,708.290159425768,549.8371803560834,566.599096689813,718.311380718443,70418
384,7,2013,700.6694175867584,565.6840842884492,547.6140835520303,526.2644251534902,609.1601930938417,797.3301513189587,1027.5876879624047,824.6222728895841,658.4226701121195,530.8997436468046,570.8225629118205,730.0298115230273,219996
385,91,2013,509.45423758282493,437.1612162027387,461.3312200309108,440.1779005916938,443.4272735214914,443.4998411339917,523.5124581220159,343.8608366503619,361.31947918840365,380.519216884845,415.76826617118917,519.5042915997834,904
386,21,2013,822.2426778179382,644.5175732029231,618.4765229932532,596.9417657032593,716.0224105308314,983.4111041131328,1225.1810723241497,984.0791065630934,767.3133135671426,591.6679394244148,645.6791207650828,866.6215596828886,28122
387,63,2013,774.6830522472034,611.7917964243961,565.5377139088777,477.37520668898605,468.8137742403312,453.62503567297995,538.4350756673383,479.1274057309712,459.53298976808907,521.3924218448315,563.6240770772581,748.7832378211042,13017
388,103,2013,831.5197302179537,647.9426943797076,626.2614563656024,594.0509200924222,693.7666060000705,926.8350376197974,1191.8541881645885,970.2668168821033,752.8407262039891,603.067514192062,660.2470568184476,851.9964411971864,63036
389,89,2013,964.4393643185879,765.6968846876314,742.2380856623514,682.9851507101532,738.1098708381867,943.81015895162,1215.6214561337845,997.3821549184371,774.2404972368736,661.906003776249,776.3038592735882,994.5331029476075,176603
390,35,2013,623.9476656623668,477.72286794937656,450.2771599212015,414.3402051362939,437.03065544340546,461.47092850530703,584.0998126632045,499.3095972486158,444.88293488977683,463.0082641041784,475.05878532569164,631.7084621268389,2951
391,49,2013,1012.7263162409765,728.976189378657,677.3743595044145,598.5055678381939,596.4871620630119,659.1900542412543,752.8727556691235,678.4494898007495,623.3232853253253,656.969387047676,675.2207828594828,1022.4156457721903,111
